{"cameraMode":{"drawMode":0,"name":"Shaded","section":"Shading Mode"},"sceneLighting":false,"audioPlay":false,"sceneViewState":{"m_AlwaysRefresh":false,"showFog":true,"showSkybox":true,"showFlares":true,"showImageEffects":true,"showParticleSystems":true,"showVisualEffectGraphs":true,"m_FxEnabled":false},"in2DMode":false,"pivot":{"x":146.98597717285157,"y":172.73367309570313,"z":76.572998046875},"rotation":{"x":0.0029999923426657917,"y":-0.001499995356425643,"z":0.000004499950591707602,"w":0.9999945759773254},"size":233.86221313476563,"orthographic":false}