{"cameraMode":{"drawMode":0,"name":"Shaded","section":"Shading Mode"},"sceneLighting":false,"audioPlay":false,"sceneViewState":{"m_AlwaysRefresh":false,"showFog":true,"showSkybox":true,"showFlares":true,"showImageEffects":true,"showParticleSystems":true,"showVisualEffectGraphs":true,"m_FxEnabled":false},"in2DMode":false,"pivot":{"x":140.70123291015626,"y":110.0809326171875,"z":75.8271255493164},"rotation":{"x":0.028496019542217256,"y":0.0029987755697220566,"z":-0.00008548825280740857,"w":0.9995895624160767},"size":147.76507568359376,"orthographic":false}